Date,ID,Station,Lat,Long,Depth,pH,Alk,SiO4_uM,NO3_2_uM,PO4_uM,NH4_uM,PicoPlankton_Conc _cells_ml,PicoPlankton Conc_cells_ml,Bacteria_Conc_cell_ml,Viral_Conc _cell_ml,Chl_Total_ug_l,CHL<20um_ug_l,CHL<3um_ug_l,FlowcamBiomass,Cyanobacteria_cells_mL,Picoeukaryotes_cells_mL,Nanoeukaryotes_cells_mL
9/11/2012,1,1,43.54.20 N,69.34.66 W,2,,,,0,0.49,0.05,5618,,1.87E+06,4.51E+07,9.119,7.929,0.222,2.24E+05,722,3817,1079
9/11/2012,1,1,43.54.20 N,69.34.66 W,10,,,,0,0.56,0.02,6299,,2.33E+06,4.47E+07,,,,,574,4365,1361
9/11/2012,1,1,43.54.20 N,69.34.66 W,30,,,,0.86,0.61,0.25,6016,,1.74E+06,3.66E+07,,,,,500,3618,1898
9/11/2012,1,3,43. 48. 65 N,69. 34. 10 W,2,,,,0,0.14,0.18,1076,,1.60E+06,3.10E+07,3.615,2.079,0.413,2.31E+05,673,254,149
9/11/2012,1,3,43. 48. 65 N,69. 34. 10 W,10,,,,0,0.32,0.21,14582,,1.82E+06,3.60E+07,,,,,3551,8847,2184
9/11/2012,1,3,43. 48. 65 N,69. 34. 10 W,40,,,,9,1.16,4.85,20457,,2.11E+06,5.11E+07,,,,,6157,12107,2193
9/11/2012,1,4,43. 45. 19 N,69. 30. 05 W,2,,,,0,0.05,0.08,27413,,2.02E+06,4.42E+07,1.809,0.666,0.404,1.75E+05,13087,10067,4260
9/11/2012,1,4,43. 45. 19 N,69. 30. 05 W,10,,,,0,0.06,0.15,37990,,2.14E+06,4.17E+07,,,,,17536,13330,7124
9/11/2012,1,4,43. 45. 19 N,69. 30. 05 W,40,,,,7.26,0.82,2.85,2064,,9.77E+05,2.15E+07,,,,,1398,534,133
9/18/2012,2,1,43.54.20 N,69.34.66 W,2,,,,0,0.53,0,4830,,1.90E+06,3.88E+07,6.399,5.516,0.126,2.85E+05,1108,2124,1598
9/18/2012,2,1,43.54.20 N,69.34.66 W,10,,,,0,0.52,0.14,6126,,2.00E+06,4.12E+07,,,,,1636,2607,1883
9/18/2012,2,1,43.54.20 N,69.34.66 W,30,,,,0.4,0.58,0.09,7033,,2.33E+06,4.94E+07,,,,,2735,3020,1278
9/18/2012,2,3,43. 48. 65 N,69. 34. 10 W,2,,,,0,0.15,0.05,22343,,1.81E+06,3.96E+07,3.422,2.514,0.168,3.15E+04,9554,10727,2062
9/18/2012,2,3,43. 48. 65 N,69. 34. 10 W,10,,,,,,,4232,,,,,,,,1099,1515,1619
9/18/2012,2,3,43. 48. 65 N,69. 34. 10 W,40,,,,9.61,1.14,2.79,2104,,1.05E+06,1.21E+07,,,,,1316,532,256
9/18/2012,2,4,43. 45. 19 N,69. 30. 05 W,2,,,,0,0.03,0.09,24922,,1.77E+06,8.96E+06,1.565,0.707,0.374,,17874,4524,2524
9/18/2012,2,4,43. 45. 19 N,69. 30. 05 W,10,,,,0.08,0.06,0.18,33313,,3.49E+05,2.99E+07,,,,,23458,7135,2719
9/18/2012,2,4,43. 45. 19 N,69. 30. 05 W,40,,,,7.49,0.76,2.15,2284,,9.03E+05,1.25E+07,,,,,1626,580,78
10/9/2012,3,1,43.54.17 N,69.34.64 W,2,,,,2.33,0.88,0.22,10273,,2.16E+06,4.31E+07,2.947,1.529,0.277,1.33E+05,1535,6820,1919
10/9/2012,3,1,43.54.17 N,69.34.64 W,10,,,,2.81,0.86,0.41,6230,,2.23E+06,3.45E+07,,,,,1423,3675,1132
10/9/2012,3,1,43.54.17 N,69.34.64 W,30,,,,,,,,,,,,,,,,,
10/9/2012,3,3,43.48.72 N,69.34.93 W,2,,,,0.17,0.51,0.05,3376,,2.53E+06,3.69E+07,2.977,2.552,0.089,1.06E+05,850,1462,1064
10/9/2012,3,3,43.48.72 N,69.34.93 W,10,,,,0,0.43,0.1,,,,,,,,,,,
10/9/2012,3,4,43.45.13 N,69.30.20 W,2,,,,0.36,0.35,0.19,6324,,3.50E+06,3.36E+07,3.463,3.076,0.132,,2315,3083,926
10/9/2012,3,4,43.45.13 N,69.30.20 W,10,,,,0,0.37,0.15,7571,,3.52E+06,4.74E+07,,,,,2684,3398,1490
10/9/2012,3,4,43.45.13 N,69.30.20 W,40,,,,8.11,0.88,3.12,779,,2.06E+06,1.25E+07,,,,,371,279,129
10/19/2012,4,1,43.54.17 N,69.34.64W,2,,,,4.09,0.77,0.55,6444,,9.97E+05,3.19E+07,3.443,1.893,0.208,5.67E+04,743,4224,1477
10/19/2012,4,1,43.54.17 N,69.34.64W,10,,,,6.22,0.94,1.15,4736,,1.20E+06,2.95E+07,,,,,344,3264,1128
10/19/2012,4,1,43.54.17 N,69.34.64W,40,,,,2.72,0.96,0.89,4673,,1.27E+06,2.15E+07,,,,,375,3173,1125
10/19/2012,4,3,43.48.95 N,69.34.42 W,2,,,,6.57,0.79,3.02,20484,,1.94E+06,3.12E+07,3.473,1.65,0.47,3.17E+04,4385,12967,3132
10/19/2012,4,3,43.48.95 N,69.34.42 W,10,,,,6.23,0.84,3.1,10680,,1.15E+06,2.48E+07,,,,,2224,6340,2116
10/19/2012,4,3,43.48.95 N,69.34.42 W,40,,,,10.91,1.23,3.95,1091,,1.17E+06,2.35E+07,,,,,260,602,228
10/19/2012,4,4,43.45.24 N,69.30.07 W,2,,,,4.13,0.64,0.95,32787,,1.16E+06,2.83E+07,3.524,1.625,0.688,1.57E+05,8509,20176,4102
10/19/2012,4,4,43.45.24 N,69.30.07 W,10,,,,4.96,0.67,2.1,31660,,1.18E+06,2.63E+07,,,,,8113,19443,4103
10/19/2012,4,4,43.45.24 N,69.30.07 W,40,,,,10.27,0.96,3.25,322,,8.55E+05,8.21E+06,,,,,171,74,76
11/13/2012,5,1,43.54.20 N,69.34.66 W,2,,,,4.81,0.81,2.4,4479,,,,1.833,0.946,0.762,8.62E+04,339,3277,864
11/13/2012,5,1,43.54.20 N,69.34.66 W,10,,,,5.11,0.82,2.66,4576,,,,,,,,257,3457,861
11/13/2012,5,1,43.54.20 N,69.34.66 W,30,,,,6.19,0.85,2.79,4812,,,,,,,,367,3547,898
11/13/2012,5,3,43. 48. 65 N,69. 34. 10 W,2,,,,7.37,0.85,3.65,7726,,,,1.529,0.579,0.234,5.93E+04,430,6078,1218
11/13/2012,5,3,43. 48. 65 N,69. 34. 10 W,10,,,,7.57,0.87,3.75,5510,,,,,,,,447,4249,813
11/13/2012,5,3,43. 48. 65 N,69. 34. 10 W,40,,,,8.22,0.85,3.89,2389,,,,,,,,392,1614,382
11/26/2012,6,1,43.54.20 N,69.34.66 W,2,,,,5.44,0.79,2.73,8194,,,,2.936,1.428,0.274,1.40E+05,369,6408,1417
11/26/2012,6,1,43.54.20 N,69.34.66 W,10,,,,7.29,0.81,3.21,7141,,,,,,,,391,5591,1159
11/26/2012,6,3,43. 48. 65 N,69. 34. 10 W,2,,,,7.73,0.83,1.95,10059,,,,1.667,1.02,0.351,3.19E+04,733,8380,946
11/26/2012,6,3,43. 48. 65 N,69. 34. 10 W,10,,,,4.34,0.65,2.1,10406,,,,,,,,602,8940,865
11/26/2012,6,3,43. 48. 65 N,69. 34. 10 W,40,,,,8.54,0.85,3.11,7118,,,,,,,,1292,5241,585
9/10/2013,1,1,43.54.20 N,69.34.66 W,2,,,6,2.35,0.64,0.192,63309,63309,,,3.291,2.28,0.76,,17266,,
9/10/2013,1,1,43.54.20 N,69.34.66 W,10,,,8.32,3.48,0.81,0.168,55040,55040,,,2.45,,,,15323,,
9/10/2013,1,1,43.54.20 N,69.34.66 W,38.2,,,6.74,5.74,0.81,0.152,47029,47029,,,2.045,,,,13480,,
9/10/2013,1,2,43.51.80 N,69.34.52 W,2,,,8.95,4.8,0.86,0.164,44312,44312,,,1.114,1.81,0.45,,13480,,
9/10/2013,1,2,43.51.80 N,69.34.52 W,10,,,10.53,2.73,1.19,0.228,26827,26827,,,1.229,,,,8227,,
9/10/2013,1,2,43.51.80 N,69.34.52 W,24,,,11.47,2.92,1.19,0.2,13905,13905,,,0.752,,,,4958,,
9/10/2013,1,3,43. 48. 65 N,69. 34. 10 W,2,,,8.53,4.99,0.92,0.156,2106,2106,,,1.701,1.8,0.46,,1336,,
9/10/2013,1,3,43. 48. 65 N,69. 34. 10 W,44,,,8.63,5.93,1.25,0.136,2016,2016,,,0.215,,,,1358,,
9/17/2013,2,1,43.54.20 N,69.34.66 W,2,,,10.74,5.74,0.92,0.18,41856,41856,3.99E+07,3.51E+06,1.549,1.26,0.32,,,,
9/17/2013,2,1,43.54.20 N,69.34.66 W,10,,,10.42,5.55,1.08,0.188,39561,39561,4.26E+06,5.83E+07,1.792,,,,,,
9/17/2013,2,1,43.54.20 N,69.34.66 W,31.7,,,10.53,4.24,1.03,0.16,41521,41521,1.79E+06,1.99E+07,1.575,,,,,,
9/17/2013,2,2,43.51.80 N,69.34.52 W,2,,,10.63,3.11,0.86,0.184,32951,32951,3.47E+06,4.59E+07,1.752,1.29,0.24,,,,
9/17/2013,2,2,43.51.80 N,69.34.52 W,10,,,10.42,4.05,0.86,0.188,26362,26362,3.09E+06,3.95E+07,1.458,,,,,,
9/17/2013,2,2,43.51.80 N,69.34.52 W,22,,,10.53,8,1.69,0.188,24618,24618,2.64E+06,3.26E+07,1.561,,,,,,
9/17/2013,2,3,43. 48. 65 N,69. 34. 10 W,2,,,0.74,0.28,0.08,0.088,95884,95884,5.58E+06,6.59E+07,2.926,1.68,0.33,,,,
9/17/2013,2,3,43. 48. 65 N,69. 34. 10 W,10,,,4.53,0.47,0.31,0.128,65431,65431,1.21E+07,1.05E+08,5.567,,,,,,
9/17/2013,2,3,43. 48. 65 N,69. 34. 10 W,54,,,16.74,13.27,1.64,0.104,1081,1081,2.64E+06,3.29E+07,0.163,,,,,,
9/17/2013,2,4,43. 45. 19 N,69. 30. 05 W,2,,,0.63,0.47,0.19,0.036,58121,58121,5.16E+06,3.98E+07,4.313,1.95,0.54,,,,
9/17/2013,2,4,43. 45. 19 N,69. 30. 05 W,10,,,0.42,0.47,0.25,0.176,57581,57581,4.97E+06,3.32E+07,5.727,,,,,,
9/17/2013,2,4,43. 45. 19 N,69. 30. 05 W,111,,,14.84,5.36,1.19,0.12,528,528,2.15E+06,2.33E+07,1.944,,,,,,
10/1/2013,3,1,43.54.20 N,69.34.66 W,2,,,7.58,3.29,0.97,0.152,36812,36812,2.52E+06,1.24E+07,1.691,0.84,0.29,,,,
10/1/2013,3,1,43.54.20 N,69.34.66 W,10,,,8,4.42,0.81,0.148,49733,49733,5.42E+06,3.28E+07,1.661,,,,,,
10/1/2013,3,1,43.54.20 N,69.34.66 W,37,,,6.63,2.73,0.64,0.132,40030,40030,4.45E+06,2.62E+07,1.507,,,,,,
10/1/2013,3,3,43. 48. 65 N,69. 34. 10 W,2,,,,,,,5813,5813,1.21E+06,4.48E+07,1.821,0.58,0.17,,,,
10/1/2013,3,3,43. 48. 65 N,69. 34. 10 W,10,,,,,,,7014,7014,1.97E+06,4.63E+07,0.956,,,,,,
10/1/2013,3,3,43. 48. 65 N,69. 34. 10 W,37,,,,,,,1556,1556,1.25E+06,1.49E+07,0.171,,,,,,
10/15/2013,4,1,43.54.20 N,69.34.66 W,2,,,5.26,3.11,0.75,0.112,2054,2054,3.57E+05,4.31E+07,2.663,1.47,0.58,,,,
10/15/2013,4,1,43.54.20 N,69.34.66 W,10,,,5.47,2.92,0.75,0.268,3913,3913,3.79E+05,3.40E+07,2.309,,,,,,
10/15/2013,4,1,43.54.20 N,69.34.66 W,38.5,,,5.58,2.92,0.81,0.12,4041,4041,3.78E+05,4.90E+07,1.954,,,,,,
10/15/2013,4,2,43.51.80 N,69.34.52 W,2,,,3.26,1.41,0.53,0.256,1655,1655,2.93E+05,3.96E+07,2.177,1.21,0.35,,,,
10/15/2013,4,2,43.51.80 N,69.34.52 W,10,,,4.84,3.11,0.92,0.084,788,788,4.16E+05,4.26E+07,1.934,,,,,,
10/15/2013,4,2,43.51.80 N,69.34.52 W,22.7,,,3.05,1.98,0.75,0.192,1755,1755,8.47E+04,3.16E+05,1.792,,,,,,
10/15/2013,4,3,43. 48. 65 N,69. 34. 10 W,2,,,2,2.73,0.53,0.12,3454,3454,4.83E+05,4.49E+07,10.591,1.64,0.04,,,,
10/15/2013,4,3,43. 48. 65 N,69. 34. 10 W,10,,,4.42,3.67,0.64,0.064,1848,1848,1.56E+06,4.36E+07,3.21,,,,,,
10/15/2013,4,3,43. 48. 65 N,69. 34. 10 W,39,,,10.32,4.99,1.03,0.164,605,605,7.65E+05,4.35E+07,1.11,,,,,,
10/15/2013,4,4,43. 45. 19 N,69. 30. 05 W,2,,,2.42,1.04,0.19,0.188,1882,1882,4.40E+05,2.96E+07,5.498,1.14,0.31,,,,
10/15/2013,4,4,43. 45. 19 N,69. 30. 05 W,10,,,2.11,1.04,0.31,0.184,2247,2247,3.06E+05,2.25E+07,2.248,,,,,,
10/15/2013,4,4,43. 45. 19 N,69. 30. 05 W,109,,,22.95,7.06,1.58,0.188,237,237,1.47E+06,2.15E+07,0.118,,,,,,
10/29/2013,5,1,43.54.20 N,69.34.66 W,2,,,13.89,3.11,0.69,0.16,34806,34806,2.71E+06,2.41E+07,3.078,1.57,0.41,,,,
10/29/2013,5,1,43.54.20 N,69.34.66 W,10,,,5.05,3.29,0.64,0.14,31299,31299,2.46E+06,2.32E+07,2.744,,,,,,
10/29/2013,5,1,43.54.20 N,69.34.66 W,38.5,,,7.26,5.55,0.97,0.084,24194,24194,2.12E+06,1.95E+07,1.175,,,,,,
10/29/2013,5,2,43.51.80 N,69.34.52 W,2,,,7.16,5.36,0.75,0.088,34806,34806,2.21E+06,2.21E+07,2.076,,0.27,,,,
10/29/2013,5,2,43.51.80 N,69.34.52 W,10,,,8.11,5.93,0.86,0.064,31299,31299,2.35E+06,2.38E+07,1.904,,,,,,
10/29/2013,5,2,43.51.80 N,69.34.52 W,19.6,,,6.74,5.55,1.03,0.076,24194,24194,2.22E+06,2.06E+07,1.64,,,,,,
10/29/2013,5,3,43. 48. 65 N,69. 34. 10 W,2,,,14.21,8.56,0.92,0.212,8522,8522,1.26E+06,1.31E+07,1.802,0.67,0.22,,,,
10/29/2013,5,3,43. 48. 65 N,69. 34. 10 W,10,,,9.37,8.94,0.86,0.212,5509,5509,9.90E+05,1.06E+07,2.157,,,,,,
10/29/2013,5,3,43. 48. 65 N,69. 34. 10 W,39,,,8.95,5.93,1.36,0.064,975,975,1.15E+06,1.11E+07,0.602,,,,,,
10/29/2013,5,4,43. 45. 19 N,69. 30. 05 W,2,,,,,,,9276,9276,1.36E+06,1.44E+07,1.762,1.01,0.26,,,,
10/29/2013,5,4,43. 45. 19 N,69. 30. 05 W,10,,,,,,,9053,9053,1.26E+06,1.37E+07,1.872,,,,,,
10/29/2013,5,4,43. 45. 19 N,69. 30. 05 W,112,,,,,,,486,486,9.84E+05,8.47E+06,0.269,,,,,,
11/12/2013,6,1,43.54.20 N,69.34.66 W,2,,,9.37,8,0.97,0.076,12892,12892,2.24E+06,2.10E+07,0.47,0.29,0.08,,,,
11/12/2013,6,1,43.54.20 N,69.34.66 W,10,,,8.63,6.49,0.86,0.088,13775,13775,,,0.48,,,,,,
11/12/2013,6,1,43.54.20 N,69.34.66 W,38,,,7.89,5.18,1.08,0.108,12081,12081,2.54E+06,2.49E+07,0.445,,,,,,
11/12/2013,6,2,43.51.80 N,69.34.52 W,2,,,8.63,7.06,1.03,0.104,11815,11815,2.58E+06,2.33E+07,0.503,0.28,0.53,,,,
11/12/2013,6,2,43.51.80 N,69.34.52 W,10,,,8.95,5.55,1.14,0.072,10783,10783,2.79E+06,2.78E+07,0.521,,,,,,
11/12/2013,6,2,43.51.80 N,69.34.52 W,19.8,,,9.26,6.87,1.14,0.076,11242,11242,2.11E+06,1.85E+07,0.425,,,,,,
11/12/2013,6,3,43. 48. 65 N,69. 34. 10 W,2,,,9.68,10.26,1.03,0.036,4644,4644,1.85E+06,1.59E+07,0.894,0.06,0.06,,,,
11/12/2013,6,3,43. 48. 65 N,69. 34. 10 W,10,,,9.89,14.02,1.25,0.06,4442,4442,1.47E+06,1.24E+07,0.877,,,,,,
11/12/2013,6,3,43. 48. 65 N,69. 34. 10 W,38,,,13.68,6.87,1.14,0.044,2800,2800,6.53E+05,4.33E+07,0.418,,,,,,
11/12/2013,6,4,43. 45. 19 N,69. 30. 05 W,2,,,,,,,7220,7220,2.25E+06,2.39E+07,0.172,0.11,0.07,,,,
11/12/2013,6,4,43. 45. 19 N,69. 30. 05 W,10,,,,,,,6854,6854,2.00E+06,1.74E+07,0.191,,,,,,
11/12/2013,6,4,43. 45. 19 N,69. 30. 05 W,105,,,,,,,657,657,2.16E+06,1.82E+07,0.098,,,,,,
9/15/2015,1,1,43.54.20 N,69.34.66 W,2,,,0.819,0.917,0.469,0.954,19029,19029,,,7.79,0.937,0.15,3.57E+05,,,
9/15/2015,1,1,43.54.20 N,69.34.66 W,10,,,0.704,0.615,0.358,1.033,14949,14949,,,7.133,,,,,,
9/15/2015,1,1,43.54.20 N,69.34.66 W,20,,,1.225,0.725,0.483,2.483,14470,14470,,,4.46,,,,,,
9/15/2015,1,2,43.51.80 N,69.34.52 W,2,,,1.156,2.124,0.454,0.876,12857,12857,,,6.51,6.51,6.51,2.22E+05,,,
9/15/2015,1,2,43.51.80 N,69.34.52 W,10,,,1.109,1.321,0.488,1.155,13594,13594,,,6.51,,,,,,
9/15/2015,1,2,43.51.80 N,69.34.52 W,20,,,1.553,1.571,0.498,1.171,11361,11361,,,5.14,,,,,,
9/15/2015,1,3,43. 48. 65 N,69. 34. 10 W,2,,,-0.027,0.497,0.212,1.079,6791,6791,,,3.627,1.48,0.05,1.29E+05,,,
9/15/2015,1,3,43. 48. 65 N,69. 34. 10 W,10,,,0.165,0.786,0.283,1.05,9510,9510,,,6.16,,,,,,
9/15/2015,1,3,43. 48. 65 N,69. 34. 10 W,40,,,10.201,8.712,1.051,1.173,2877,2877,,,0.35,,,,,,
9/15/2015,1,4,43. 45. 19 N,69. 30. 05 W,2,,,0.139,1.172,0.179,0.817,15644,15644,,,3.84,1.51,0,1.41E+05,,,
9/15/2015,1,4,43. 45. 19 N,69. 30. 05 W,10,,,0.15,0.3,0.181,0.596,45064,45064,,,4.227,,,,,,
9/15/2015,1,4,43. 45. 19 N,69. 30. 05 W,40,,,3.62,4.714,0.611,1.278,7520,7520,,,0.27,,,,,,
9/22/2015,2,1,43.54.20 N,69.34.66 W,2,,,0.954,3.65,0.518,4.693,11472,11472,1.11E+06,3.35E+07,6.131,1.104,0.173,NA,,,
9/22/2015,2,1,43.54.20 N,69.34.66 W,10,,,0.997,3.087,0.537,3.878,8849,8849,1.11E+06,3.28E+07,42.913,,,,,,
9/22/2015,2,1,43.54.20 N,69.34.66 W,30,,,1.352,3.807,0.561,4.895,7209,7209,1.37E+06,3.50E+07,55.077,,,,,,
9/22/2015,2,2,43.51.80 N,69.34.52 W,2,,,1.272,0.718,0.447,1.621,7509,7509,1.32E+06,2.66E+07,5.435,1.159,0.127,NA,,,
9/22/2015,2,2,43.51.80 N,69.34.52 W,10,,,1.783,5.117,0.552,5.794,6668,6668,1.84E+06,3.77E+07,5.417,,,,,,
9/22/2015,2,2,43.51.80 N,69.34.52 W,20,,,2.097,4.267,0.552,4.453,5654,5654,1.21E+06,2.13E+07,4.605,,,,,,
9/22/2015,2,3,43. 48. 65 N,69. 34. 10 W,2,,,0.048,1.162,0.165,2.356,10076,10076,1.03E+06,2.66E+07,3.133,2.059,0.212,2.46E+05,,,
9/22/2015,2,3,43. 48. 65 N,69. 34. 10 W,10,,,0.202,3.732,0.303,4.865,8416,8416,1.54E+06,3.67E+07,0.212,,,,,,
9/22/2015,2,3,43. 48. 65 N,69. 34. 10 W,40,,,9.399,9.658,0.899,3.742,1494,1494,2.01E+06,3.73E+07,4.045,,,,,,
9/22/2015,2,4,43. 45. 19 N,69. 30. 05 W,2,,,0.148,3.564,0.217,4.597,11157,11157,,,4.424,1.327,0,NA,,,
9/22/2015,2,4,43. 45. 19 N,69. 30. 05 W,10,,,0.511,3.345,0.35,4.332,7950,7950,1.41E+06,2.99E+07,6.709,,,,,,
9/22/2015,2,4,43. 45. 19 N,69. 30. 05 W,40,,,7.896,11.862,0.948,4.589,1957,1957,9.67E+05,9.56E+06,0.534,,,,,,
10/13/2015,3,1,43.54.20 N,69.34.66 W,2,,,8.856,7.046,0.815,5.666,7014,7014,1.02E+06,9.05E+06,22.663,0.22,2.05,NA,,,
10/13/2015,3,1,43.54.20 N,69.34.66 W,10,,,8.9,6.345,0.833,4.801,6865,6865,1.60E+06,1.29E+07,8.722,,,,,,
10/13/2015,3,1,43.54.20 N,69.34.66 W,35,,,9.051,6.442,0.879,2.906,6311,6311,1.44E+06,1.05E+07,8.722,,,,,,
10/13/2015,3,2,43.51.80 N,69.34.52 W,2,,,8.62,8.59,0.815,7.462,5813,5813,1.24E+06,8.24E+06,2.176,1.714,0.17,NA,,,
10/13/2015,3,2,43.51.80 N,69.34.52 W,10,,,10.096,9.844,0.963,20.268,3700,3700,1.27E+06,7.75E+06,1.347,,,,,,
10/13/2015,3,2,43.51.80 N,69.34.52 W,20,,,10.563,10.845,0.996,5.143,2573,2573,1.09E+06,5.53E+06,1.081,,,,,,
10/13/2015,3,3,43. 48. 65 N,69. 34. 10 W,2,,,5.836,6.473,0.642,4.198,6915,6915,9.46E+05,5.63E+06,4.957,3.061,0.258,5.53E+04,,,
10/13/2015,3,3,43. 48. 65 N,69. 34. 10 W,10,,,7.492,8.526,0.798,6.365,3350,3350,1.10E+06,6.02E+06,2.79,,,,,,
10/13/2015,3,3,43. 48. 65 N,69. 34. 10 W,40,,,11.538,12.777,1.021,4.345,1566,1566,9.40E+05,5.19E+06,0.369,,,,,,
10/13/2015,3,4,43. 45. 19 N,69. 30. 05 W,2,,,3.628,4.728,0.504,3.94,7098,7098,7.46E+05,4.56E+06,5.896,3.178,0,NA,,,
10/13/2015,3,4,43. 45. 19 N,69. 30. 05 W,10,,,3.33,8.009,0.641,8.22,4748,4748,9.72E+05,4.61E+06,3.007,,,,,,
10/13/2015,3,4,43. 45. 19 N,69. 30. 05 W,40,,,8.618,11.994,0.91,4.509,2769,2769,1.28E+06,7.17E+06,0.256,,,,,,
10/20/2015,4,1,43.54.20 N,69.34.66 W,2,,,9.748,7.064,0.89,1.352,13918,13918,1.11E+06,8.70E+06,3.341,1.238,0.191,NA,,,
10/20/2015,4,1,43.54.20 N,69.34.66 W,10,,,9.853,8.016,0.882,1.921,11195,11195,1.21E+06,8.35E+06,2.609,,,,,,
10/20/2015,4,1,43.54.20 N,69.34.66 W,30,,,9.985,7.074,0.901,1.069,10635,10635,1.83E+06,1.17E+07,2.429,,,,,,
10/20/2015,4,2,43.51.80 N,69.34.52 W,2,,,10.204,7.312,0.924,1,8923,8923,1.97E+06,1.23E+07,2.456,1.141,0.167,NA,,,
10/20/2015,4,2,43.51.80 N,69.34.52 W,10,,,10.186,7.464,0.937,1.261,8877,8877,1.03E+06,6.02E+06,2.402,,,,,,
10/20/2015,4,2,43.51.80 N,69.34.52 W,20,,,10.964,8.994,0.989,1.269,7469,7469,1.14E+06,5.39E+06,2.284,,,,,,
10/20/2015,4,3,43. 48. 65 N,69. 34. 10 W,2,,,8.824,8.074,0.862,0.574,6751,6751,9.96E+05,6.01E+06,3.63,0.95,0.124,6.95E+04,,,
10/20/2015,4,3,43. 48. 65 N,69. 34. 10 W,10,,,9.273,8.628,0.907,0.787,5937,5937,9.36E+05,6.02E+06,3.368,,,,,,
10/20/2015,4,3,43. 48. 65 N,69. 34. 10 W,40,,,13.749,11.471,1.26,0.88,1835,1835,8.41E+05,4.68E+06,0.807,,,,,,
10/20/2015,4,4,43. 45. 19 N,69. 30. 05 W,2,,,8.824,8.074,0.862,0.574,,,,,NA,NA,NA,NA,,,
10/20/2015,4,4,43. 45. 19 N,69. 30. 05 W,10,,,9.273,8.628,0.907,0.787,,,,,NA,,,,,,
10/20/2015,4,4,43. 45. 19 N,69. 30. 05 W,40,,,13.749,11.471,1.26,0.88,,,,,NA,,,,,,
11/3/2015,5,1,43.54.20 N,69.34.66 W,,,,,,,,10957,10957,1.75E+06,1.05E+07,6.131,1.607,0.267,1.06E+05,,,
11/3/2015,5,1,43.54.20 N,69.34.66 W,,,,,,,,9700,9700,1.81E+06,8.92E+06,5.634,,,,,,
11/3/2015,5,1,43.54.20 N,69.34.66 W,,,,,,,,8221,8221,8.68E+05,2.57E+06,2.853,,,,,,
11/3/2015,5,2,43.51.80 N,69.34.52 W,2,,,6.389,5.76,0.768,1.316,8303,8303,2.92E+06,1.71E+07,5.136,0.679,0.148,6.76E+04,,,
11/3/2015,5,2,43.51.80 N,69.34.52 W,10,,,6.705,5.761,0.791,1.271,7376,7376,1.84E+06,8.52E+06,3.269,,,,,,
11/3/2015,5,2,43.51.80 N,69.34.52 W,20,,,7.43,6.982,0.832,1.824,6765,6765,1.37E+06,6.85E+06,2.609,,,,,,
11/3/2015,5,3,43. 48. 65 N,69. 34. 10 W,2,,,6.261,5.432,0.787,1.221,13147,13147,1.53E+06,6.50E+06,1.395,0.773,0.145,6.43E+04,924,,
11/3/2015,5,3,43. 48. 65 N,69. 34. 10 W,10,,,6.662,7.097,0.83,1.175,7076,7076,1.43E+06,5.76E+06,2.889,,,,967,,
11/3/2015,5,3,43. 48. 65 N,69. 34. 10 W,40,,,11.158,10.673,1.049,1.236,2276,2276,1.09E+06,3.92E+06,0.942,,,,975,,
11/3/2015,5,4,43. 45. 19 N,69. 30. 05 W,2,,,5.577,5.479,0.628,1.173,37471,37471,1.48E+06,5.52E+06,2.546,1.224,0,3.30E+04,1234,,
11/3/2015,5,4,43. 45. 19 N,69. 30. 05 W,10,,,4.091,4.783,0.64,0.842,28689,28689,2.36E+06,1.17E+07,1.803,,,,1238,,
11/3/2015,5,4,43. 45. 19 N,69. 30. 05 W,40,,,9.91,10.933,0.985,0.799,1773,1773,1.08E+06,4.72E+06,0.853,,,,1200,,
11/17/2015,6,1,43.54.20 N,69.34.66 W,2,,,8.181,6.396,0.909,1.481,13109,13109,1.30E+06,1.37E+07,1.15,0.773,0.214,1.67E+04,4117,,
11/17/2015,6,1,43.54.20 N,69.34.66 W,10,,,8.299,6.811,0.923,1.389,12748,12748,7.24E+05,8.31E+06,1.09,,,,1646,,
11/17/2015,6,1,43.54.20 N,69.34.66 W,30,,,8.45,6.911,0.89,1.468,12809,12809,1.16E+06,7.88E+06,1.05,,,,788,,
11/17/2015,6,2,43.51.80 N,69.34.52 W,2,,,8.754,7.959,0.904,1.642,12316,12316,1.29E+06,1.05E+07,0.766,0.435,0.133,1.48E+04,18832,,
11/17/2015,6,2,43.51.80 N,69.34.52 W,10,,,8.777,7.819,0.915,5.835,12777,12777,7.59E+05,3.87E+06,1.01,,,,16373,,
11/17/2015,6,2,43.51.80 N,69.34.52 W,20,,,8.884,7.685,0.883,1.311,12823,12823,1.28E+06,4.66E+06,0.748,,,,852,,
11/17/2015,6,3,43. 48. 65 N,69. 34. 10 W,2,,,8.821,8.407,0.992,0.683,12098,12098,1.18E+06,2.47E+06,1.571,0.466,0.152,3.58E+04,,,
11/17/2015,6,3,43. 48. 65 N,69. 34. 10 W,10,,,8.173,8.306,0.96,0.629,12986,12986,1.46E+06,3.62E+06,2.311,,,,,,
11/17/2015,6,3,43. 48. 65 N,69. 34. 10 W,40,,,12.666,11.395,1.153,0.552,3000,3000,6.89E+05,,0.314,,,,,,
11/17/2015,6,4,43. 45. 19 N,69. 30. 05 W,2,,,4.473,8.495,0.807,3.246,14038,14038,9.91E+05,2.14E+06,0.887,0.648,3.25,1.00E+04,,,
11/17/2015,6,4,43. 45. 19 N,69. 30. 05 W,10,,,4.373,6.645,0.736,1.294,16995,16995,1.32E+06,2.57E+06,0.885,,,,,,
11/17/2015,6,4,43. 45. 19 N,69. 30. 05 W,40,,,10.72,10.7,0.99,0.65,1522,1522,6.95E+05,,0.173,,,,,,
9/8/2016,1,1,43.54.20 N,69.34.66 W,2,,,1.06,1.18,0.48,1.42,39126,,5.56E+06,3.08E+07,8.56,1.995,0.311,1.28E+05,,,
9/8/2016,1,1,43.54.20 N,69.34.66 W,10,,,0.61,0.97,0.48,1.34,41078,,6.59E+06,3.74E+07,9.415,,,,,,
9/8/2016,1,1,43.54.20 N,69.34.66 W,35,,,0.71,2.05,0.49,1.34,39287,,2.08E+06,1.47E+07,9.415,,,,,,
9/8/2016,1,2,43.51.80 N,69.34.52 W,2,,,1.89,1.23,0.46,1.45,41493,,4.77E+06,2.75E+07,6.933,2.998,0.265,1.25E+05,,,
9/8/2016,1,2,43.51.80 N,69.34.52 W,10,,,0.84,1.32,0.43,1.24,47047,,6.67E+06,3.65E+07,7.846,,,,,,
9/8/2016,1,2,43.51.80 N,69.34.52 W,20,,,2.14,1.51,0.51,1.66,44100,,4.34E+06,2.40E+07,8.873,,,,,,
9/8/2016,1,3,43. 48. 65 N,69. 34. 10 W,2,,,0.03,0.94,0.16,1.02,117000,,4.97E+06,2.66E+07,7.076,4.397,0.48,1.57E+05,,,
9/8/2016,1,3,43. 48. 65 N,69. 34. 10 W,10,,,0.19,0.84,0.26,0.9,72265,,5.48E+06,3.04E+07,7.704,,,,,,
9/8/2016,1,3,43. 48. 65 N,69. 34. 10 W,40,,,11.18,9.69,1.05,1.05,5041,,3.59E+06,2.71E+07,0.819,,,,,,
9/8/2016,1,4,43. 45. 19 N,69. 30. 05 W,2,,,-0.01,1.01,0.07,0.92,148000,,2.52E+06,2.56E+07,5.661,3.711,0.395,1.46E+05,,,
9/8/2016,1,4,43. 45. 19 N,69. 30. 05 W,10,,,NA,NA,NA,NA,,,2.37E+06,2.28E+07,NA,,,,,,
9/8/2016,1,4,43. 45. 19 N,69. 30. 05 W,40,,,NA,NA,NA,NA,,,2.00E+06,1.95E+07,NA,,,,,,
9/20/2016,2,1,43.54.20 N,69.34.66 W,2,,,6.79,4.35,0.86,2.53,27159,,2.15E+06,1.70E+07,2.519,2.4,0.18,3.60E+04,,,
9/20/2016,2,1,43.54.20 N,69.34.66 W,10,,,6.74,4.66,0.89,2.58,24965,,2.58E+06,2.05E+07,2.494,,,,,,
9/20/2016,2,1,43.54.20 N,69.34.66 W,35,,,6.93,4.68,0.86,2.56,25568,,2.03E+06,1.55E+07,2.485,,,,,,
9/20/2016,2,2,43.51.80 N,69.34.52 W,2,,,6.78,7.42,0.88,6.09,24355,,2.04E+06,1.72E+07,2.3,1.76,0.38,4.35E+04,,,
9/20/2016,2,2,43.51.80 N,69.34.52 W,10,,,6.73,7.3,0.88,5.87,23013,,2.10E+06,1.82E+07,2.411,,,,,,
9/20/2016,2,2,43.51.80 N,69.34.52 W,20,,,6.67,4.89,0.94,2.39,21705,,1.99E+06,1.96E+07,2.2,,,,,,
9/20/2016,2,3,43. 48. 65 N,69. 34. 10 W,2,,,0.18,0.26,0.09,0.28,46940,,1.69E+06,1.30E+07,0.885,4.68,1.66,3.02E+05,,,
9/20/2016,2,3,43. 48. 65 N,69. 34. 10 W,10,,,1.39,0.45,0.22,0.32,40852,,1.64E+06,1.50E+07,9.045,,,,,,
9/20/2016,2,3,43. 48. 65 N,69. 34. 10 W,40,,,9.09,8.17,0.93,0.46,5173,,1.52E+06,1.53E+07,10.871,8.52,0.39,,,,
9/20/2016,2,4,43. 45. 19 N,69. 30. 05 W,2,,,0.07,0.72,0.08,0.32,41919,,1.07E+06,4.79E+06,0.48,,,3.93E+05,,,
9/20/2016,2,4,43. 45. 19 N,69. 30. 05 W,10,,,0.49,1.61,0.3,1.69,19088,,1.58E+06,1.80E+07,9.083,,,,,,
9/20/2016,2,4,43. 45. 19 N,69. 30. 05 W,40,,,7.27,9.54,0.86,0.87,2642,,1.65E+06,2.02E+07,0.215,,,,,,
10/4/2016,3,1,43.54.20 N,69.34.66 W,2,,,3.49,3.72,0.66,4.28,16970,,2.52E+06,2.56E+07,1.968,1.019,0.23,7.32E+04,,,
10/4/2016,3,1,43.54.20 N,69.34.66 W,10,,,3.04,1.69,0.59,1.7,14821,,2.37E+06,2.28E+07,2.411,,,,,,
10/4/2016,3,1,43.54.20 N,69.34.66 W,35,,,5.07,2.87,0.77,2.28,13275,,2.00E+06,1.95E+07,2.42,,,,,,
10/4/2016,3,2,43.51.80 N,69.34.52 W,2,,,5.01,5.02,0.81,5.09,14906,,2.15E+06,1.70E+07,1.923,1.007,0.728,6.56E+04,,,
10/4/2016,3,2,43.51.80 N,69.34.52 W,10,,,3.84,4.59,0.65,5.25,14330,,2.58E+06,2.05E+07,2.004,,,,,,
10/4/2016,3,2,43.51.80 N,69.34.52 W,20,,,5.21,6.59,0.83,6.91,13627,,2.03E+06,1.55E+07,2.086,,,,,,
10/4/2016,3,3,43. 48. 65 N,69. 34. 10 W,2,,,1.36,1.43,0.41,1.58,10452,,2.04E+06,1.72E+07,2.862,1.415,0.332,1.16E+05,,,
10/4/2016,3,3,43. 48. 65 N,69. 34. 10 W,10,,,1.4,1.43,0.47,0.93,10941,,2.10E+06,1.82E+07,2.898,,,,,,
10/4/2016,3,3,43. 48. 65 N,69. 34. 10 W,40,,,4.24,3.88,0.69,2.37,5968,,1.99E+06,1.96E+07,0.967,,,,,,
10/4/2016,3,4,43. 45. 19 N,69. 30. 05 W,2,,,NA,NA,NA,NA,9072,,1.69E+06,1.30E+07,2.483,1.181,0.268,1.53E+05,,,
10/4/2016,3,4,43. 45. 19 N,69. 30. 05 W,10,,,2.48,4.13,0.63,3.02,8502,,1.64E+06,1.50E+07,2.745,,,,,,
10/4/2016,3,4,43. 45. 19 N,69. 30. 05 W,40,,,0.92,4.37,0.55,5.24,5097,,1.52E+06,1.53E+07,1.824,,,,,,
10/19/2016,4,1,43.54.20 N,69.34.66 W,2,,,4.72,6.59,0.78,5.75,12779,,1.83E+06,1.30E+07,3.236,1.349,0.884,1.23E+04,,,
10/19/2016,4,1,43.54.20 N,69.34.66 W,10,,,3.42,2.57,0.64,1.89,13495,,1.72E+06,1.33E+07,1.355,,,,,,
10/19/2016,4,1,43.54.20 N,69.34.66 W,35,,,4.77,7.31,0.87,6.61,11900,,1.49E+06,1.13E+07,0.931,,,,,,
10/19/2016,4,2,43.51.80 N,69.34.52 W,2,,,4.43,3.28,0.84,2.19,13390,,1.79E+06,1.22E+07,1.355,0.919,0.232,1.74E+04,,,
10/19/2016,4,2,43.51.80 N,69.34.52 W,10,,,3.07,2.35,0.63,1.79,13473,,1.66E+06,1.10E+07,1.416,,,,,,
10/19/2016,4,2,43.51.80 N,69.34.52 W,20,,,4.41,3.59,0.82,2.31,14267,,NA,NA,1.313,,,,,,
10/19/2016,4,3,43. 48. 65 N,69. 34. 10 W,2,,,1.99,2.13,0.61,0.51,44957,,1.49E+06,1.00E+07,4.681,3.239,0.715,2.89E+04,,,
10/19/2016,4,3,43. 48. 65 N,69. 34. 10 W,10,,,1.97,2.33,0.53,0.94,42845,,2.16E+06,1.22E+07,3.593,,,,,,
10/19/2016,4,3,43. 48. 65 N,69. 34. 10 W,40,,,5.28,5.38,0.76,0.91,15599,,2.24E+06,1.24E+07,1.152,,,,,,
10/19/2016,4,4,43. 45. 19 N,69. 30. 05 W,2,,,1.15,1.69,0.49,0.7,53995,,1.86E+06,9.50E+06,5.131,3.043,0.951,5.47E+04,,,
10/19/2016,4,4,43. 45. 19 N,69. 30. 05 W,10,,,0.9,1.62,0.4,1.01,66024,,2.75E+06,1.15E+07,3.502,,,,,,
10/19/2016,4,4,43. 45. 19 N,69. 30. 05 W,40,,,1.48,3.21,0.47,1.61,21700,,2.25E+06,1.07E+07,0.766,,,,,,
11/1/2016,5,1,43.54.20 N,69.34.66 W,2,,,7.4,6.44,0.87,1.91,,,NA,NA,1.228,0.831,0.27,1.19E+04,,,
11/1/2016,5,1,43.54.20 N,69.34.66 W,10,,,6.9,6.53,0.85,2.24,,,NA,NA,1.307,,,,,,
11/1/2016,5,1,43.54.20 N,69.34.66 W,35,,,6.66,5.81,0.8,1.55,,,NA,NA,1.301,,,,,,
11/1/2016,5,2,43.51.80 N,69.34.52 W,2,,,7.9,7.9,0.94,1.44,19998,,1.69E+06,9.19E+06,1.113,0.93,0.279,1.12E+04,,,
11/1/2016,5,2,43.51.80 N,69.34.52 W,10,,,7.97,7.97,0.99,3.26,,,1.84E+06,1.07E+07,1.228,,,,,,
11/1/2016,5,2,43.51.80 N,69.34.52 W,20,,,7.84,7.84,0.95,2.06,20141,,1.74E+06,1.02E+07,1.313,,,,,,
11/1/2016,5,3,43. 48. 65 N,69. 34. 10 W,2,,,4.25,5.99,0.73,0.76,18827,,1.60E+06,8.56E+06,1.195,1.18,0.35,2.60E+04,,,
11/1/2016,5,3,43. 48. 65 N,69. 34. 10 W,10,,,4.79,7.79,0.8,1.94,17909,,1.42E+06,7.98E+06,1.518,,,,,,
11/1/2016,5,3,43. 48. 65 N,69. 34. 10 W,40,,,6.52,7.89,0.85,1.49,18373,,1.59E+06,9.09E+06,1.537,,,,,,
11/1/2016,5,4,43. 45. 19 N,69. 30. 05 W,2,,,4.42,7.31,0.76,1.45,18969,,1.99E+06,1.07E+07,9.744,0.838,0.293,2.60E+04,,,
11/1/2016,5,4,43. 45. 19 N,69. 30. 05 W,10,,,3.89,5.79,0.65,0.75,,,1.52E+06,8.01E+06,1.283,,,,,,
11/1/2016,5,4,43. 45. 19 N,69. 30. 05 W,40,,,4.16,5.51,0.59,0.8,14586,,1.72E+06,9.33E+06,1.367,,,,,,
9/12/2017,1,1,43.54.20 N,69.34.66 W,2,,,,,,,76607,,3.59E+06,6.23E+06,2.271,1.578,0.348,,,,
9/12/2017,1,1,43.54.20 N,69.34.66 W,10,,,,,,,68822,,3.92E+06,8.04E+06,2.11,,,,,,
9/12/2017,1,1,43.54.20 N,69.34.66 W,30,,,,,,,64534,,3.42E+06,6.10E+06,1.208,,,,,,
9/12/2017,1,2,43.51.80 N,69.34.52 W,2,,,,,,,59768,,3.82E+06,7.87E+06,1.24,1.114,0.253,,,,
9/12/2017,1,2,43.51.80 N,69.34.52 W,10,,,,,,,61651,,3.89E+06,7.69E+06,0.908,,,,,,
9/12/2017,1,2,43.51.80 N,69.34.52 W,20,,,,,,,56161,,3.24E+06,6.12E+06,0.976,,,,,,
9/12/2017,1,3,43. 48. 65 N,69. 34. 10 W,2,,,,,,,93435,,4.92E+06,1.14E+07,1.019,0.581,0.128,,,,
9/12/2017,1,3,43. 48. 65 N,69. 34. 10 W,10,,,,,,,96055,,5.23E+06,1.24E+07,1.146,,,,,,
9/12/2017,1,3,43. 48. 65 N,69. 34. 10 W,40,,,,,,,5395,,1.39E+06,4.12E+06,0.127,,,,,,
9/12/2017,1,4,43. 45. 19 N,69. 30. 05 W,2,,,,,,,75676,,3.77E+06,9.31E+06,0.396,0.279,0.116,,,,
9/12/2017,1,4,43. 45. 19 N,69. 30. 05 W,10,,,,,,,76932,,4.55E+06,1.01E+07,0.657,,,,,,
9/12/2017,1,4,43. 45. 19 N,69. 30. 05 W,40,,,,,,,2550,,1.46E+06,2.69E+06,0.135,,,,,,
9/21/2017,2,1,43.54.20 N,69.34.66 W,2,,,,,,,,,3.86E+06,1.08E+07,2.737,2.214,0.406,,,,
9/21/2017,2,1,43.54.20 N,69.34.66 W,10,,,,,,,46741,,4.63E+06,1.39E+07,2.718,,,,,,
9/21/2017,2,1,43.54.20 N,69.34.66 W,30,,,,,,,46519,,3.98E+06,1.10E+07,2.537,,,,,,
9/21/2017,2,2,43.51.80 N,69.34.52 W,2,,,,,,,45071,,4.37E+06,1.28E+07,2.956,2.005,0.288,,,,
9/21/2017,2,2,43.51.80 N,69.34.52 W,10,,,,,,,45684,,4.90E+06,1.29E+07,2.785,,,,,,
9/21/2017,2,2,43.51.80 N,69.34.52 W,20,,,,,,,44043,,5.02E+06,1.64E+07,2.723,,,,,,
10/5/2017,3,1,43.54.20 N,69.34.66 W,2,,,,,,,27617,,3.57E+06,1.02E+07,5.331,2.737,0.355,,,,
10/5/2017,3,1,43.54.20 N,69.34.66 W,10,,,,,,,22946,,3.67E+06,1.26E+07,5.36,,,,,,
10/5/2017,3,1,43.54.20 N,69.34.66 W,30,,,,,,,23499,,3.37E+06,1.17E+07,5.255,,,,,,
10/5/2017,3,2,43.51.80 N,69.34.52 W,2,,,,,,,21110,,2.86E+06,8.62E+06,4.105,1.87,0.286,,,,
10/5/2017,3,2,43.51.80 N,69.34.52 W,10,,,,,,,14223,,2.17E+06,8.48E+06,3.431,,,,,,
10/5/2017,3,2,43.51.80 N,69.34.52 W,20,,,,,,,11375,,1.99E+06,6.30E+06,2.661,,,,,,
10/5/2017,3,3,43. 48. 65 N,69. 34. 10 W,2,,,,,,,19025,,5.65E+06,3.77E+07,11.537,4.277,0.254,,,,
10/5/2017,3,3,43. 48. 65 N,69. 34. 10 W,10,,,,,,,9975,,1.97E+06,7.78E+06,3.127,,,,,,
10/5/2017,3,3,43. 48. 65 N,69. 34. 10 W,40,,,,,,,3715,,1.28E+06,4.05E+06,0.778,,,,,,
10/5/2017,3,4,43. 45. 19 N,69. 30. 05 W,2,,,,,,,39440,,1.25E+06,1.09E+07,4.172,3.326,0.233,,,,
10/5/2017,3,4,43. 45. 19 N,69. 30. 05 W,10,,,,,,,34070,,1.51E+06,1.27E+07,6.89,,,,,,
10/5/2017,3,4,43. 45. 19 N,69. 30. 05 W,40,,,,,,,7365,,4.38E+06,1.71E+07,0.373,,,,,,
10/19/2017,4,1,43.54.20 N,69.34.66 W,,,,,,,,,,,,,,,,,,
10/19/2017,4,1,43.54.20 N,69.34.66 W,,,,,,,,,,,,,,,,,,
10/19/2017,4,1,43.54.20 N,69.34.66 W,,,,,,,,,,,,,,,,,,
10/19/2017,4,2,43.51.80 N,69.34.52 W,,,,,,,,,,,,,,,,,,
10/19/2017,4,2,43.51.80 N,69.34.52 W,,,,,,,,,,,,,,,,,,
10/19/2017,4,2,43.51.80 N,69.34.52 W,,,,,,,,,,,,,,,,,,
10/19/2017,4,3,43. 48. 65 N,69. 34. 10 W,2,,,,,,,,,,,0.159,0.096,,5.17E+04,,,
10/19/2017,4,3,43. 48. 65 N,69. 34. 10 W,,,,,,,,,,,,,,,,,,
10/19/2017,4,3,43. 48. 65 N,69. 34. 10 W,,,,,,,,,,,,,,,,,,
10/19/2017,4,4,43. 45. 19 N,69. 30. 05 W,2,,,,,,,,,,,3.516,0.649,0.236,,,,
10/19/2017,4,4,43. 45. 19 N,69. 30. 05 W,,,,,,,,,,,,,,,6.41E+04,,,
10/19/2017,4,4,43. 45. 19 N,69. 30. 05 W,,,,,,,,,,,,,,,,,,
11/9/2017,5,1,43.54.20 N,69.34.66 W,2,,,,,,,12890,,1.64E+06,6.36E+06,1.213,1.163,0.242,8.20E+03,,,
11/9/2017,5,1,43.54.20 N,69.34.66 W,10,,,,,,,13424,,1.13E+06,4.61E+06,1.387,,,,,,
11/9/2017,5,1,43.54.20 N,69.34.66 W,30,,,,,,,13204,,1.46E+06,5.74E+06,1.369,,,,,,
11/9/2017,5,2,43.51.80 N,69.34.52 W,2,,,,,,,9427,,1.28E+06,5.05E+06,1.212,0.933,0.272,1.12E+04,,,
11/9/2017,5,2,43.51.80 N,69.34.52 W,10,,,,,,,8927,,4.90E+06,1.29E+07,0.895,,,,,,
11/9/2017,5,2,43.51.80 N,69.34.52 W,19,,,,,,,9165,,1.56E+06,6.15E+06,0.936,,,,,,
11/9/2017,5,3,43. 48. 65 N,69. 34. 10 W,2,,,,,,,9878,,1.03E+06,4.66E+06,1.503,1.63,0.328,3.42E+03,,,
11/9/2017,5,3,43. 48. 65 N,69. 34. 10 W,10,,,,,,,12143,,1.21E+06,5.22E+06,1.537,,,,,,
11/9/2017,5,3,43. 48. 65 N,69. 34. 10 W,40,,,,,,,10280,,1.39E+06,4.12E+06,1.181,,,,,,
11/9/2017,5,4,43. 45. 19 N,69. 30. 05 W,2,,,,,,,7185,,1.01E+06,4.35E+06,N/A,1.375,0.399,6.00E+03,,,
11/9/2017,5,4,43. 45. 19 N,69. 30. 05 W,10,,,,,,,5011,,1.03E+06,4.04E+06,1.143,,,,,,
11/9/2017,5,4,43. 45. 19 N,69. 30. 05 W,40,,,,,,,1801,,2.74E+06,1.10E+07,0.393,,,,,,
11/29/2017,6,1,43.54.20 N,69.34.66 W,2,,,,,,,11221,,1.55E+06,5.95E+06,1.545,0.637,0.346,1.12E+04,,,
11/29/2017,6,1,43.54.20 N,69.34.66 W,10,,,,,,,11422,,1.63E+06,6.36E+06,1.366,,,,,,
11/29/2017,6,1,43.54.20 N,69.34.66 W,30,,,,,,,10489,,1.45E+06,5.72E+06,1.148,,,,,,
11/29/2017,6,2,43.51.80 N,69.34.52 W,,,,,,,,9557,,,,1.249,0.728,0.161,9.87E+03,,,
11/29/2017,6,2,43.51.80 N,69.34.52 W,,,,,,,,8943,,,,1.3,,,,,,
11/29/2017,6,2,43.51.80 N,69.34.52 W,,,,,,,,9060,,,,1.185,,,,,,
11/29/2017,6,3,43. 48. 65 N,69. 34. 10 W,2,,,,,,,4590,,1.07E+06,3.22E+06,0.714,0.373,0.151,6.78E+03,,,
11/29/2017,6,3,43. 48. 65 N,69. 34. 10 W,10,,,,,,,5118,,1.19E+06,3.45E+06,0.738,,,,,,
11/29/2017,6,3,43. 48. 65 N,69. 34. 10 W,40,,,,,,,4863,,1.55E+06,4.43E+06,0.744,,,,,,
11/29/2017,6,4,43. 45. 19 N,69. 30. 05 W,2,,,,,,,10179,,1.50E+06,3.83E+06,2.166,1.021,0.252,1.25E+04,,,
11/29/2017,6,4,43. 45. 19 N,69. 30. 05 W,10,,,,,,,9401,,1.59E+06,3.87E+06,1.891,,,,,,
11/29/2017,6,4,43. 45. 19 N,69. 30. 05 W,40,,,,,,,764,,1.05E+06,2.78E+06,0.289,,,,,,
9/6/2018,1,1,43.54.20 N,69.34.66 W,2,,,,,,,3602,,1.01E+06,1.10E+08,6.558,3.659,0.128,,,,
9/6/2018,1,1,43.54.20 N,69.34.66 W,10,,,,,,,3456,,8.69E+05,7.38E+07,6.319,,,,,,
9/6/2018,1,1,43.54.20 N,69.34.66 W,37,,,,,,,3432,,1.20E+06,7.84E+07,5.456,,,,,,
9/6/2018,1,2,43.51.80 N,69.34.52 W,2,,,,,,,4423,,8.38E+05,6.19E+07,4.712,2.823,0.217,,,,
9/6/2018,1,2,43.51.80 N,69.34.52 W,10,,,,,,,4198,,8.42E+05,6.23E+07,4.072,,,,,,
9/6/2018,1,2,43.51.80 N,69.34.52 W,20,,,,,,,4906,,7.94E+05,6.20E+07,2.693,,,,,,
9/6/2018,1,3,43. 48. 65 N,69. 34. 10 W,2,,,,,,,2422,,7.90E+05,1.01E+08,3.035,2.239,0.228,,,,
9/6/2018,1,3,43. 48. 65 N,69. 34. 10 W,10,,,,,,,1460,,5.17E+05,1.25E+08,3.789,,,,,,
9/6/2018,1,3,43. 48. 65 N,69. 34. 10 W,40,,,,,,,5222,,9.21E+05,7.45E+07,0.53,,,,,,
9/6/2018,1,4,43. 45. 19 N,69. 30. 05 W,2,,,,,,,,,6.90E+05,4.12E+07,1.41,1.333,0.128,,,,
9/6/2018,1,4,43. 45. 19 N,69. 30. 05 W,10,,,,,,,,,5.48E+05,7.23E+07,2.302,,,,,,
9/6/2018,1,4,43. 45. 19 N,69. 30. 05 W,40,,,,,,,5055,,4.76E+05,1.26E+08,1.072,,,,,,
9/19/2018,2,1,43.54.20 N,69.34.66 W,2,,,,,,,1815,,1.14E+06,5.95E+07,3.502,1.737,0.509,,,,
9/19/2018,2,1,43.54.20 N,69.34.66 W,10,,,,,,,2705,,1.09E+06,7.58E+07,3.024,,,,,,
9/19/2018,2,1,43.54.20 N,69.34.66 W,34,,,,,,,2623,,9.11E+05,7.11E+07,2.394,,,,,,
9/19/2018,2,2,43.51.80 N,69.34.52 W,2,,,,,,,2125,,9.00E+05,4.66E+07,3.312,2.193,0.239,,,,
9/19/2018,2,2,43.51.80 N,69.34.52 W,10,,,,,,,1857,,1.13E+06,4.86E+07,2.66,,,,,,
9/19/2018,2,2,43.51.80 N,69.34.52 W,18,,,,,,,2881,,9.42E+05,5.34E+07,1.526,,,,,,
9/19/2018,2,3,43. 48. 65 N,69. 34. 10 W,2,,,,,,,838,,7.17E+05,3.92E+07,4.821,2.296,0.419,,,,
9/19/2018,2,3,43. 48. 65 N,69. 34. 10 W,10,,,,,,,3968,,8.08E+05,4.47E+07,4.381,,,,,,
9/19/2018,2,3,43. 48. 65 N,69. 34. 10 W,40,,,,,,,5141,,7.45E+05,8.52E+07,0.726,,,,,,
9/19/2018,2,4,43. 45. 19 N,69. 30. 05 W,2,,,,,,,7249,,7.07E+05,3.66E+07,12.752,1.023,0.187,,,,
9/19/2018,2,4,43. 45. 19 N,69. 30. 05 W,10,,,,,,,3599,,7.80E+05,3.60E+07,1.084,,,,,,
9/19/2018,2,4,43. 45. 19 N,69. 30. 05 W,40,,,,,,,1967,,8.69E+05,3.77E+07,1.039,,,,,,
9/27/2018,3,1,43.54.20 N,69.34.66 W,2,,,,,,,5688,,1.40E+06,3.92E+07,,,,,,,
9/27/2018,3,1,43.54.20 N,69.34.66 W,10,,,,,,,7738,,4.32E+06,4.86E+07,,,,,,,
9/27/2018,3,1,43.54.20 N,69.34.66 W,35,,,,,,,8514,,1.42E+06,1.25E+07,,,,,,,
9/27/2018,3,2,43.51.80 N,69.34.52 W,2,,,,,,,4391,,1.16E+06,9.62E+06,0.456,0.332,0.073,,,,
9/27/2018,3,2,43.51.80 N,69.34.52 W,10,,,,,,,6576,,9.62E+05,1.14E+07,0.368,,,,,,
9/27/2018,3,2,43.51.80 N,69.34.52 W,18,,,,,,,6511,,9.36E+05,1.28E+07,0.408,,,,,,
9/27/2018,3,3,43. 48. 65 N,69. 34. 10 W,2,,,,,,,1060,,7.01E+05,6.28E+06,0.815,0.655,0.068,,,,
9/27/2018,3,3,43. 48. 65 N,69. 34. 10 W,10,,,,,,,7069,,1.11E+06,1.12E+07,1.274,,,,,,
9/27/2018,3,3,43. 48. 65 N,69. 34. 10 W,40,,,,,,,5489,,1.28E+06,1.24E+07,0.232,,,,,,
9/27/2018,3,4,43. 45. 19 N,69. 30. 05 W,2,,,,,,,5714,,1.54E+06,1.22E+07,1.045,0.579,0.09,,,,
9/27/2018,3,4,43. 45. 19 N,69. 30. 05 W,10,,,,,,,,,,,,,,,,,
9/27/2018,3,4,43. 45. 19 N,69. 30. 05 W,40,,,,,,,,,,,,,,,,,
10/18/2018,4,1,43.54.20 N,69.34.66 W,2,,,,,,,16992,,1.77E+06,9.17E+07,1.65,1.219,0.414,,,,
10/18/2018,4,1,43.54.20 N,69.34.66 W,10,,,,,,,20836,,2.07E+06,9.02E+07,1.471,,,,,,
10/18/2018,4,1,43.54.20 N,69.34.66 W,34,,,,,,,20199,,2.06E+06,8.07E+07,1.126,,,,,,
10/18/2018,4,2,43.51.80 N,69.34.52 W,2,,,,,,,9635,,1.72E+06,5.16E+07,1.374,1.054,0.302,,,,
10/18/2018,4,2,43.51.80 N,69.34.52 W,10,,,,,,,11200,,1.29E+06,4.94E+07,1.231,,,,,,
10/18/2018,4,2,43.51.80 N,69.34.52 W,21,,,,,,,13096,,1.50E+06,5.08E+07,0.964,,,,,,
10/18/2018,4,3,43. 48. 65 N,69. 34. 10 W,2,,,,,,,,,,,,,,,,,
10/18/2018,4,3,43. 48. 65 N,69. 34. 10 W,10,,,,,,,,,,,,,,,,,
10/18/2018,4,3,43. 48. 65 N,69. 34. 10 W,40,,,,,,,,,,,,,,,,,
10/18/2018,4,4,43. 45. 19 N,69. 30. 05 W,2,,,,,,,,,,,,,,,,,
10/18/2018,4,4,43. 45. 19 N,69. 30. 05 W,10,,,,,,,,,,,,,,,,,
10/18/2018,4,4,43. 45. 19 N,69. 30. 05 W,40,,,,,,,,,,,,,,,,,
10/30/2018,5,1,43.54.20 N,69.34.66 W,2,,,,,,,17552,,2.19E+06,7.27E+07,2.294,1.611,0.31,,,,
10/30/2018,5,1,43.54.20 N,69.34.66 W,10,,,,,,,18505,,1.72E+06,6.59E+07,2.221,,,,,,
10/30/2018,5,1,43.54.20 N,69.34.66 W,35,,,,,,,17442,,2.00E+06,6.22E+07,2.306,,,,,,
10/30/2018,5,2,43.51.80 N,69.34.52 W,2,,,,,,,15099,,1.54E+06,7.77E+07,2.343,1.602,0.323,,,,
10/30/2018,5,2,43.51.80 N,69.34.52 W,10,,,,,,,16100,,2.01E+06,6.53E+07,3.742,,,,,,
10/30/2018,5,2,43.51.80 N,69.34.52 W,16,,,,,,,17193,,1.56E+06,6.18E+07,3.026,,,,,,
10/30/2018,5,3,43. 48. 65 N,69. 34. 10 W,2,,,,,,,11316,,1.01E+06,4.63E+07,2.56,1.545,0.255,,,,
10/30/2018,5,3,43. 48. 65 N,69. 34. 10 W,10,,,,,,,13193,,1.38E+06,5.15E+07,2.595,,,,,,
10/30/2018,5,3,43. 48. 65 N,69. 34. 10 W,40,,,,,,,14039,,2.97E+05,3.94E+07,2.343,,,,,,
10/30/2018,5,4,43. 45. 19 N,69. 30. 05 W,2,,,,,,,11746,,9.45E+05,4.96E+07,1.578,0.861,0.232,,,,
10/30/2018,5,4,43. 45. 19 N,69. 30. 05 W,10,,,,,,,12327,,9.35E+05,4.59E+07,1.681,,,,,,
10/30/2018,5,4,43. 45. 19 N,69. 30. 05 W,40,,,,,,,12924,,1.36E+06,5.55E+07,1.871,,,,,,
11/15/2018,6,1,43.54.20 N,69.34.66 W,2,,,,,,,5674,,1.16E+06,1.16E+07,1.444,0.987,0.228,,,,
11/15/2018,6,1,43.54.20 N,69.34.66 W,10,,,,,,,,,1.01E+06,1.03E+07,1.401,,,,,,
11/15/2018,6,1,43.54.20 N,69.34.66 W,36,,,,,,,8256,,1.31E+06,1.46E+07,0.983,,,,,,
11/15/2018,6,2,43.51.80 N,69.34.52 W,2,,,,,,,5938,,1.11E+06,1.11E+07,1.018,0.76,0.296,,,,
11/15/2018,6,2,43.51.80 N,69.34.52 W,10,,,,,,,5359,,7.25E+05,7.98E+06,1.071,,,,,,
11/15/2018,6,2,43.51.80 N,69.34.52 W,17,,,,,,,6158,,1.67E+06,1.53E+07,1.053,,,,,,
11/15/2018,6,3,43. 48. 65 N,69. 34. 10 W,2,,,,,,,2083,,9.75E+05,7.83E+06,0.96,0.513,0.122,,,,
11/15/2018,6,3,43. 48. 65 N,69. 34. 10 W,10,,,,,,,3598,,9.79E+05,8.51E+06,1.656,,,,,,
11/15/2018,6,3,43. 48. 65 N,69. 34. 10 W,40,,,,,,,3891,,1.02E+06,7.80E+06,0.39,,,,,,
11/15/2018,6,4,43. 45. 19 N,69. 30. 05 W,2,,,,,,,1913,,8.43E+05,6.73E+06,1.134,0.804,0.456,,,,
11/15/2018,6,4,43. 45. 19 N,69. 30. 05 W,10,,,,,,,7898,,1.27E+06,1.20E+07,0.837,,,,,,
11/15/2018,6,4,43. 45. 19 N,69. 30. 05 W,40,,,,,,,8953,,1.09E+06,1.00E+07,0.269,,,,,,
9/5/2019,1,1,,,2,,,,,,,,,,,11.552,9.766,0.489,,,,
9/5/2019,1,1,,,10,,,,,,,,,,,10.678,,,,,,
9/5/2019,1,1,,,26,,,,,,,,,,,10.733,,,,,,
9/5/2019,1,2,,,2,,,,,,,,,,,9.441,8.615,0.453,,,,
9/5/2019,1,2,,,10,,,,,,,,,,,9.033,,,,,,
9/5/2019,1,2,,,18,,,,,,,,,,,6.628,,,,,,
9/5/2019,1,3,,,2,,,,,,,,,,,4.131,2.877,0.375,,,,
9/5/2019,1,3,,,10,,,,,,,,,,,8.192,,,,,,
9/5/2019,1,3,,,40,,,,,,,,,,,0.254,,,,,,
9/5/2019,1,4,,,2,,,,,,,,,,,2.497,2.758,0.39,,,,
9/5/2019,1,4,,,10,,,,,,,,,,,3.952,,,,,,
9/5/2019,1,4,,,40,,,,,,,,,,,0.178,,,,,,
9/10/2019,2,1,,,2,,,,,,,,,,,8.746,5.896,0.472,,,,
9/10/2019,2,1,,,10,,,,,,,,,,,9.012,,,,,,
9/10/2019,2,1,,,35,,,,,,,,,,,7.443,,,,,,
9/10/2019,2,2,,,2,,,,,,,,,,,8.414,6.77,0.439,,,,
9/10/2019,2,2,,,10,,,,,,,,,,,4.43,,,,,,
9/10/2019,2,2,,,17,,,,,,,,,,,2.356,,,,,,
9/10/2019,2,3,,,2,,,,,,,,,,,7.171,4.576,0.413,,,,
9/10/2019,2,3,,,10,,,,,,,,,,,7.953,,,,,,
9/10/2019,2,3,,,40,,,,,,,,,,,0.28,,,,,,
9/10/2019,2,4,,,2,,,,,,,,,,,4.267,2.296,0.334,,,,
9/10/2019,2,4,,,10,,,,,,,,,,,8.789,,,,,,
9/10/2019,2,4,,,40,,,,,,,,,,,0.188,,,,,,
9/26/2019,3,1,,,2,,,,,,,,,,,5.738,4.75,0.68,,,,
9/26/2019,3,1,,,10,,,,,,,,,,,5.288,,,,,,
9/26/2019,3,1,,,30,,,,,,,,,,,5.011,,,,,,
9/26/2019,3,2,,,2,,,,,,,,,,,5.651,3.941,1.246,,,,
9/26/2019,3,2,,,10,,,,,,,,,,,4.967,,,,,,
9/26/2019,3,2,,,16,,,,,,,,,,,5.244,,,,,,
9/26/2019,3,3,,,2,,,,,,,,,,,6.78,5.19,0.373,,,,
9/26/2019,3,3,,,10,,,,,,,,,,,2.622,,,,,,
9/26/2019,3,3,,,40,,,,,,,,,,,0.207,,,,,,
9/26/2019,3,4,,,2,,,,,,,,,,,3.594,2.535,0.284,,,,
9/26/2019,3,4,,,10,,,,,,,,,,,2.98,,,,,,
9/26/2019,3,4,,,40,,,,,,,,,,,0.362,,,,,,
10/8/2019,4,1,,,2,,,,,,,,,,,2.899,2.182,0.221,,,,
10/8/2019,4,1,,,10,,,,,,,,,,,2.671,,,,,,
10/8/2019,4,1,,,32,,,,,,,,,,,2.476,,,,,,
10/8/2019,4,2,,,2,,,,,,,,,,,3.567,2.182,1.48,,,,
10/8/2019,4,2,,,10,,,,,,,,,,,2.079,,,,,,
10/8/2019,4,2,,,15,,,,,,,,,,,2.562,,,,,,
10/8/2019,4,3,,,2,,,,,,,,,,,5.83,2.318,0.268,,,,
10/8/2019,4,3,,,10,,,,,,,,,,,5.787,,,,,,
10/8/2019,4,3,,,40,,,,,,,,,,,0.578,,,,,,
10/8/2019,4,4,,,2,,,,,,,,,,,8.718,5.852,2.318,,,,
10/8/2019,4,4,,,10,,,,,,,,,,,4.039,,,,,,
10/8/2019,4,4,,,40,,,,,,,,,,,0.618,,,,,,
10/22/2019,5,1,,,2,,,,,,,,,,,3.637,2.106,0.446,,,,
10/22/2019,5,1,,,10,,,,,,,,,,,3.686,,,,,,
10/22/2019,5,1,,,30,,,,,,,,,,,3.702,,,,,,
10/22/2019,5,2,,,2,,,,,,,,,,,3.778,2.861,0.664,,,,
10/22/2019,5,2,,,10,,,,,,,,,,,4.023,,,,,,
10/22/2019,5,2,,,15,,,,,,,,,,,3.8,,,,,,
10/22/2019,5,3,,,2,,,,,,,,,,,15.303,6.373,0.635,,,,
10/22/2019,5,3,,,10,,,,,,,,,,,14.153,,,,,,
10/22/2019,5,3,,,40,,,,,,,,,,,1.281,,,,,,
10/22/2019,5,4,,,2,,,,,,,,,,,3.458,1.333,0.142,,,,
10/22/2019,5,4,,,10,,,,,,,,,,,8.839,,,,,,
10/22/2019,5,4,,,40,,,,,,,,,,,0.315,,,,,,
11/5/2019,6,1,,,2,,,,,,,,,,,2.033,1.471,0.391,,,,
11/5/2019,6,1,,,10,,,,,,,,,,,1.864,,,,,,
11/5/2019,6,1,,,30,,,,,,,,,,,1.324,,,,,,
11/5/2019,6,2,,,2,,,,,,,,,,,1.382,0.997,0.296,,,,
11/5/2019,6,2,,,10,,,,,,,,,,,1.188,,,,,,
11/5/2019,6,2,,,13,,,,,,,,,,,1.239,,,,,,
8/27/2020,1,1,,,2,,,,,,,,,,,,,,,,,
8/27/2020,1,1,,,5,,,,,,,,,,,,,,,,,
8/27/2020,1,1,,,10,,,,,,,,,,,,,,,,,
8/27/2020,1,1,,,15,,,,,,,,,,,,,,,,,
8/27/2020,1,1,,,30,,,,,,,,,,,,,,,,,
8/27/2020,1,2,,,2,,,,,,,,,,,,,,,,,
8/27/2020,1,2,,,5,,,,,,,,,,,,,,,,,
8/27/2020,1,2,,,10,,,,,,,,,,,,,,,,,
8/27/2020,1,2,,,15,,,,,,,,,,,,,,,,,
8/27/2020,1,3,,,2,,,,,,,,,,,,,,,,,
8/27/2020,1,3,,,5,,,,,,,,,,,,,,,,,
8/27/2020,1,3,,,10,,,,,,,,,,,,,,,,,
8/27/2020,1,3,,,15,,,,,,,,,,,,,,,,,
8/27/2020,1,3,,,40,,,,,,,,,,,,,,,,,
8/27/2020,1,4,,,2,,,,,,,,,,,,,,,,,
8/27/2020,1,4,,,5,,,,,,,,,,,,,,,,,
8/27/2020,1,4,,,10,,,,,,,,,,,,,,,,,
8/27/2020,1,4,,,15,,,,,,,,,,,,,,,,,
8/27/2020,1,4,,,40,,,,,,,,,,,,,,,,,
9/1/2020,2,1,,,2,,,,,,,,,,,,,,,,,
9/1/2020,2,1,,,5,,,,,,,,,,,,,,,,,
9/1/2020,2,1,,,10,,,,,,,,,,,,,,,,,
9/1/2020,2,1,,,15,,,,,,,,,,,,,,,,,
9/1/2020,2,1,,,30,,,,,,,,,,,,,,,,,
9/1/2020,2,2,,,2,,,,,,,,,,,,,,,,,
9/1/2020,2,2,,,5,,,,,,,,,,,,,,,,,
9/1/2020,2,2,,,10,,,,,,,,,,,,,,,,,
9/1/2020,2,2,,,15,,,,,,,,,,,,,,,,,
9/1/2020,2,3,,,2,,,,,,,,,,,,,,,,,
9/1/2020,2,3,,,5,,,,,,,,,,,,,,,,,
9/1/2020,2,3,,,10,,,,,,,,,,,,,,,,,
9/1/2020,2,3,,,15,,,,,,,,,,,,,,,,,
9/1/2020,2,3,,,40,,,,,,,,,,,,,,,,,
9/1/2020,2,4,,,2,,,,,,,,,,,,,,,,,
9/1/2020,2,4,,,5,,,,,,,,,,,,,,,,,
9/1/2020,2,4,,,10,,,,,,,,,,,,,,,,,
9/1/2020,2,4,,,15,,,,,,,,,,,,,,,,,
9/1/2020,2,4,,,40,,,,,,,,,,,,,,,,,
9/17/2020,3,1,,,2,,,,,,,,,,,,,,,,,
9/17/2020,3,1,,,5,,,,,,,,,,,,,,,,,
9/17/2020,3,1,,,10,,,,,,,,,,,,,,,,,
9/17/2020,3,1,,,15,,,,,,,,,,,,,,,,,
9/17/2020,3,1,,,30,,,,,,,,,,,,,,,,,
9/17/2020,3,2,,,2,,,,,,,,,,,,,,,,,
9/17/2020,3,2,,,5,,,,,,,,,,,,,,,,,
9/17/2020,3,2,,,10,,,,,,,,,,,,,,,,,
9/17/2020,3,2,,,15,,,,,,,,,,,,,,,,,
9/17/2020,3,3,,,2,,,,,,,,,,,,,,,,,
9/17/2020,3,3,,,5,,,,,,,,,,,,,,,,,
9/17/2020,3,3,,,10,,,,,,,,,,,,,,,,,
9/17/2020,3,3,,,15,,,,,,,,,,,,,,,,,
9/17/2020,3,3,,,40,,,,,,,,,,,,,,,,,
9/17/2020,3,5,,,2,,,,,,,,,,,,,,,,,
9/17/2020,3,5,,,5,,,,,,,,,,,,,,,,,
9/17/2020,3,5,,,10,,,,,,,,,,,,,,,,,
9/17/2020,3,5,,,15,,,,,,,,,,,,,,,,,
9/17/2020,3,5,,,20,,,,,,,,,,,,,,,,,
9/24/2020,4,1,,,2,,,,,,,,,,,,,,,,,
9/24/2020,4,1,,,5,,,,,,,,,,,,,,,,,
9/24/2020,4,1,,,10,,,,,,,,,,,,,,,,,
9/24/2020,4,1,,,15,,,,,,,,,,,,,,,,,
9/24/2020,4,1,,,30,,,,,,,,,,,,,,,,,
9/24/2020,4,2,,,2,,,,,,,,,,,,,,,,,
9/24/2020,4,2,,,5,,,,,,,,,,,,,,,,,
9/24/2020,4,2,,,10,,,,,,,,,,,,,,,,,
9/24/2020,4,2,,,15,,,,,,,,,,,,,,,,,
9/24/2020,4,3,,,2,,,,,,,,,,,,,,,,,
9/24/2020,4,3,,,5,,,,,,,,,,,,,,,,,
9/24/2020,4,3,,,10,,,,,,,,,,,,,,,,,
9/24/2020,4,3,,,15,,,,,,,,,,,,,,,,,
9/24/2020,4,3,,,40,,,,,,,,,,,,,,,,,
9/24/2020,4,4,,,2,,,,,,,,,,,,,,,,,
9/24/2020,4,4,,,5,,,,,,,,,,,,,,,,,
9/24/2020,4,4,,,10,,,,,,,,,,,,,,,,,
9/24/2020,4,4,,,15,,,,,,,,,,,,,,,,,
9/24/2020,4,4,,,40,,,,,,,,,,,,,,,,,
10/13/2020,5,1,,,2,,,,,,,,,,,,,,,,,
10/13/2020,5,1,,,5,,,,,,,,,,,,,,,,,
10/13/2020,5,1,,,10,,,,,,,,,,,,,,,,,
10/13/2020,5,1,,,15,,,,,,,,,,,,,,,,,
10/13/2020,5,1,,,30,,,,,,,,,,,,,,,,,
10/13/2020,5,2,,,2,,,,,,,,,,,,,,,,,
10/13/2020,5,2,,,5,,,,,,,,,,,,,,,,,
10/13/2020,5,2,,,10,,,,,,,,,,,,,,,,,
10/13/2020,5,2,,,15,,,,,,,,,,,,,,,,,
10/13/2020,5,3,,,2,,,,,,,,,,,,,,,,,
10/13/2020,5,3,,,5,,,,,,,,,,,,,,,,,
10/13/2020,5,3,,,10,,,,,,,,,,,,,,,,,
10/13/2020,5,3,,,15,,,,,,,,,,,,,,,,,
10/13/2020,5,3,,,30,,,,,,,,,,,,,,,,,
10/13/2020,5,5,,,2,,,,,,,,,,,,,,,,,
10/13/2020,5,5,,,5,,,,,,,,,,,,,,,,,
10/13/2020,5,5,,,10,,,,,,,,,,,,,,,,,
10/13/2020,5,5,,,15,,,,,,,,,,,,,,,,,
10/13/2020,5,5,,,25,,,,,,,,,,,,,,,,,
10/28/2020,6,1,,,2,,,,,,,,,,,,,,,,,
10/28/2020,6,1,,,5,,,,,,,,,,,,,,,,,
10/28/2020,6,1,,,10,,,,,,,,,,,,,,,,,
10/28/2020,6,1,,,15,,,,,,,,,,,,,,,,,
10/28/2020,6,1,,,35,,,,,,,,,,,,,,,,,
10/28/2020,6,2,,,2,,,,,,,,,,,,,,,,,
10/28/2020,6,2,,,5,,,,,,,,,,,,,,,,,
10/28/2020,6,2,,,10,,,,,,,,,,,,,,,,,
10/28/2020,6,2,,,15,,,,,,,,,,,,,,,,,
10/28/2020,6,3,,,2,,,,,,,,,,,,,,,,,
10/28/2020,6,3,,,5,,,,,,,,,,,,,,,,,
10/28/2020,6,3,,,10,,,,,,,,,,,,,,,,,
10/28/2020,6,3,,,15,,,,,,,,,,,,,,,,,
10/28/2020,6,3,,,40,,,,,,,,,,,,,,,,,
10/28/2020,6,4,,,2,,,,,,,,,,,,,,,,,
10/28/2020,6,4,,,5,,,,,,,,,,,,,,,,,
10/28/2020,6,4,,,10,,,,,,,,,,,,,,,,,
10/28/2020,6,4,,,15,,,,,,,,,,,,,,,,,
10/28/2020,6,4,,,40,,,,,,,,,,,,,,,,,
10/28/2020,6,5,,,2,,,,,,,,,,,,,,,,,
10/28/2020,6,5,,,5,,,,,,,,,,,,,,,,,
10/28/2020,6,5,,,10,,,,,,,,,,,,,,,,,
10/28/2020,6,5,,,15,,,,,,,,,,,,,,,,,
10/28/2020,6,5,,,20,,,,,,,,,,,,,,,,,
